QRcode_L1_1.png,010110111011011010100010100001101011101111101111111101100010010111000010000110000111001011111010001011100011100011000101001010010111000010110100010010101100111011011010111110111001000110110111010110110001111010101010001010111100011110101000101001011
QRcode_L1_17.png,010110111011011010100010100001101011101111101111111101100010010111000010000110000111001011111010001011100011100011000101001010010111000010110100010010101100111011011010111110111001000110110111010110110001111010101010001010111100011110101000101001011
QRcode_L1_18.png,010110111011011010100010100001101011101111101111111101100010010111000010000110000111001011111010001011100011100011000101001010010111000010110100010010101100111011011010111110111001000110110111010110110001111010101010001010111100011110101000101001011
QRcode_L1_2.png,100011101011111101010111110101101010000011001110000010010111110100101111011111001010101010001011101001000001100011110001001110011110110101100101110111000101010111001010110100001101000010101111110100010111011111001011001100010011000100001001001100001
QRcode_L1_3.png,010011001001000100100011111101101010011111111011110011010101000001100101010011110100111011001101000111001100000101001000111101010111001100111000011011011110101110110000010010111011110111001111010011110100010100101101100100011000000111001001000010010
QRcode_L1_4.png,100011101011111101010111110101101010000011001110000010010111110010100001011100010110011011010011000111000011001110110010001010101010101100111011110011000001010111001110110111001101000110101111000010000111011011000011001010010111001100001001001100001
QRcode_L1_5.png,010111101011001010101000110011101011111111010011011000111011000011101010001001100010110010000010000000101000101110101111100111001011000011001010110110100010101100000010010000111000000000010111000101001000111111001010011100111000111100001111100111010
QRcode_L2_1.png,010110111011011010100010100001101011101111101111111101100010010111000010000110000111001011111010001011100011100011000101001010010111000010110100010010101100111011011010111110111001000110110111010110110001111010101010001010111100011110101000101001011
QRcode_L2_2.png,100011101011111101010111110101101010000011001110000010010111110100101111011111001010101010001011101001000001100011110001001110011110110101100101110111000101010111001010110100001101000010101111110100010111011111001011001100010011000100001001001100001
QRcode_L2_3.png,010011001001000100100011111101101010011111111011110011010101000001100101010011110100111011001101000111001100000101001000111101010111001100111000011011011110101110110000010010111011110111001111010011110100010100101101100100011000000111001001000010010
QRcode_L2_4.png,100011101011111101010111110101101010000011001110000010010111110010100001011100010110011011010011000111000011001110110010001010101010101100111011110011000001010111001110110111001101000110101111000010000111011011000011001010010111001100001001001100001
QRcode_L2_5.png,010111101011001010101000110011101011111111010011011000111011000011101010001001100010110010000010000000101000101110101111100111001011000011001010110110100010101100000010010000111000000000010111000101001000111111001010011100111000111100001111100111010
QRcode_L3_6.png,110010100110101100101110000000101010110011110010101001001110111011100101010000110101110111011010101011100100001100011010001011011010110100000110010000100000010000011111100011111101110101010011001001010010001000111101010000010111011100101101100111000
QRcode_L3_7.png,001011010110110000011111111100101011000011010011001110111011001100100110101010100010011010001100111010011100101110011111001000101110100101110010011000110101001011101011010001000100010001001110001111100011100011010101110110111011001010011010010100100
QRcode_L3_8.png,000000101111100100001010110010101011100010111110001100111110000101100001110001011001110111000011100001000010001101111011111001001111101010101000011001011101100001000101010111001000111111010010000011010111111000110011100100000110101011001011111000010
QRcode_L4_27.png,100011101011111101010111110101101010000011001110000010010111110100101111011111001010101010001011101001000001100011110001001110011110110101100101110111000101010111001010110100001101000010101111110100010111011111001011001100010011000100001001001100001
QRcode_L5_11.png,010110111011011010100010100001101011101111101111111101100010010101001010000100111101111110110010101110001000000101000010101000110110110010010011111110100000111011000010010110111011010110010110001110001001001010100011110010111110010000111110111011001
QRcode_L5_12.png,010110111011011010100010100001101011101111101111111101100010010101001010000100111101111110110010101110001000000101000010101000110110110010010011111110100000111011000010010110111011010110010110001110001001001010100011110010111110010000111110111011001
QRcode_L5_13.png,010110111011011010100010100001101011101111101111111101100010010101001010000100111101111110110010101110001000000101000010101000110110110010010011111110100000111011000010010110111011010110010110001110001001001010100011110010111110010000111110111011001
QRcode_L5_14.png,010110111011011010100010100001101011101111101111111101100010010101001010000100111101111110110010101110001000000101000010101000110110110010010011111110100000111011000010010110111011010110010110001110001001001010100011110010111110010000111110111011001
QRcode_L5_15.png,010110111011011010100010100001101011101111101111111101100010000100100010000010100100110010100010001011001011101100000111101001110111000010110110111110101010101001001010100110111000100110110000100110011000110010100011100000111110011010111110111001101
QRcode_L5_16.png,010110111011011010100010100001101011101111101111111101100010000100100010000010100100110010100010001011001011101100000111101001110111000010110110111110101010101001001010100110111000100110110000100110011000110010100011100000111110011010111110111001101